{
  "project_info": {
    "project_number": "1023273152818",
    "firebase_url": "https://clevertap-1f771.firebaseio.com",
    "project_id": "clevertap-1f771",
    "storage_bucket": "clevertap-1f771.appspot.com"
  },
  "client": [
    {
      "client_info": {
        "mobilesdk_app_id": "1:1023273152818:android:fb8be4d4d3ca8139",
        "android_client_info": {
          "package_name": "com.kreditbee.android"
        }
      },
      "oauth_client": [
        {
          "client_id": "1023273152818-f9u4vkt2qrrl09v3cg3mblroubae1d34.apps.googleusercontent.com",
          "client_type": 1,
          "android_info": {
            "package_name": "com.kreditbee.android",
            "certificate_hash": "c1bbf24d8ae903cea0431148666153c14b681f60"
          }
        },
        {
          "client_id": "1023273152818-85k8r74s1ng1a71shmg0ku718m9qbur0.apps.googleusercontent.com",
          "client_type": 3
        }
      ],
      "api_key": [
        {
          "current_key": "AIzaSyAkM1VxERuUi8YKQUO2tuayYtUTNgCdqKU"
        }
      ],
      "services": {
        "appinvite_service": {
          "other_platform_oauth_client": [
            {
              "client_id": "1023273152818-85k8r74s1ng1a71shmg0ku718m9qbur0.apps.googleusercontent.com",
              "client_type": 3
            }
          ]
        }
      }
    }
  ],
  "configuration_version": "1"
}